,word
0,hai
1,to
2,ki
3,mein
4,ke
5,nahi
6,na
7,kya
8,aur
9,ye
10,ho
11,se
12,ko
13,bhi
14,vo
15,kar
16,mai
17,ka
18,monisha
19,tum
20,ek
21,hi
22,sahil
23,haan
24,me
25,maya
26,mujhe
27,you
28,aap
29,rosesh
30,hu
31,raha
32,rahi
33,wo
34,thi
35,i
36,tha
37,the
38,liye
39,ji
40,lekin
41,aray
42,pe
43,meri
44,ne
45,ghar
46,kaha
47,kyu
48,agar
49,ab
50,tumhe
51,maine
52,a
53,hoga
54,indravardhan
55,baat
56,mere
57,is
58,oh
59,saath
60,gaya
61,do
62,koi
63,tumne
64,par
65,hum
66,mera
67,hain
68,jo
69,le
70,dad
71,bhai
72,mom
73,mummy
74,fir
75,and
76,chalo
77,aa
78,kuch
79,hun
80,pata
81,toh
82,kaise
83,indu
84,nhi
85,iss
86,gayi
87,come
88,achchha
89,bohot
90,diya
91,matlab
92,abhi
93,aaj
94,momma
95,nahin
96,please
97,tu
98,just
99,class
100,hua
101,so
102,rahe
103,hota
104,
105,dekho
106,ya
107,good
108,karne
109,hello
110,log
111,on
112,beta
113,kisi
114,tumhaari
115,kiya
116,hahaha
117,gaye
118,or
119,minute
120,jab
121,not
122,middle
123,vah
124,aise
125,use
126,mean
127,sab
128,de
129,dont
130,hui
131,know
132,haha
133,tarah
134,mei
135,yah
136,yaad
137,karti
138,ja
139,yaha
140,party
141,my
142,thodi
143,baar
144,mat
145,no
146,karte
147,daal
148,apne
149,kaam
150,tumhaare
151,yahan
152,what
153,hogi
154,arey
155,it
156,vaale
157,vaali
158,ok
159,this
160,hue
161,vaha
162,karo
163,in
164,lag
165,kal
166,sirf
167,phone
168,aisa
169,chal
170,kabhi
171,dekh
172,that
173,of
174,dono
175,daddy
176,thank
177,honge
178,naam
179,god
180,per
181,laga
182,sakta
183,kaun
184,sarabhai
185,tv
186,kam
187,umm
188,its
189,tab
190,chaahiye
191,jaise
192,sach
193,apane
194,bilkul
195,ha
196,bol
197,karna
198,are
199,baad
200,baje
201,vaala
202,aaye
203,us
204,dekha
205,gadi
206,waqt
207,aapko
208,bolo
209,kahi
210,kavita
211,best
212,raat
213,deta
214,usne
215,yamraj
216,theek
217,doodh
218,apni
219,alag
220,itna
221,uss
222,din
223,jaao
224,sakti
225,kitni
226,problem
227,har
228,okay
229,go
230,right
231,aurat
232,divorce
233,how
234,chala
235,suno
236,but
237,doctor
238,di
239,idhar
240,deti
241,hmm
242,lo
243,bathroom
244,darling
245,dena
246,ae
247,kyuki
248,mil
249,saare
250,up
251,baba
252,si
253,tak
254,haat
255,am
256,sorry
257,thoda
258,very
259,chod
260,rakh
261,pehle
262,han
263,kharab
264,rupay
265,5
266,be
267,jaa
268,for
269,usse
270,all
271,aayi
272,hone
273,saari
274,your
275,see
276,itni
277,dil
278,karke
279,dete
280,apna
281,rha
282,2
283,hindi
284,huh
285,bahar
286,khaana
287,uske
288,mama
289,kutta
290,aane
291,tujhe
292,beech
293,kahan
294,udhar
295,uncle
296,aisi
297,sa
298,with
299,neeche
300,choti
301,unhe
302,baa
303,liya
304,paas
305,jaati
306,dushyant
307,anniversary
308,suna
309,pure
310,achcha
311,aaya
312,jaate
313,sakte
314,kha
315,time
316,band
317,he
318,jaata
319,maa
320,bas
321,aatma
322,pyaar
323,jis
324,naatak
325,watchman
326,nikal
327,lagta
328,tumhara
329,speech
330,night
331,hume
332,khud
333,aao
334,bada
335,batao
336,aate
337,paise
338,waise
339,uska
340,jana
341,dekhiye
342,uski
343,well
344,1000
345,tumse
346,excuse
347,rooj
348,hehe
349,thats
350,apani
351,humaare
352,vaise
353,hoti
354,ruk
355,papa
356,padega
357,garam
358,chhole
359,iska
360,likha
361,she
362,kab
363,jaane
364,kitne
365,saal
366,chaahati
367,tumhari
368,now
369,isse
370,samajh
371,kyunki
372,shaadi
373,hoon
374,yes
375,radhabai
376,ladki
377,majaak
378,thanks
379,bade
380,socho
381,natak
382,diye
383,shuru
384,bhao
385,trophy
386,re
387,hush
388,9
389,acha
390,chup
391,karta
392,jaana
393,aati
394,bura
395,chale
396,sath
397,champagne
398,saamne
399,second
400,company
401,sure
402,mr
403,dijiye
404,heart
405,attack
406,pch
407,let
408,sar
409,light
410,subah
411,tumhaara
412,isliye
413,birthday
414,gift
415,relax
416,hotel
417,bahu
418,gya
419,kese
420,pati
421,lena
422,rupaye
423,shh
424,ladies
425,bike
426,farak
427,lekar
428,khaane
429,hote
430,award
431,bhar
432,jindagi
433,bana
434,wali
435,course
436,siddharth
437,sabzi
438,kitna
439,welcome
440,surprise
441,kareeb
442,khush
443,english
444,paani
445,was
446,dega
447,beti
448,kyon
449,aah
450,chaliye
451,marne
452,maiya
453,bhool
454,24th
455,novel
456,balti
457,pasand
458,jaundice
459,by
460,rakhi
461,humari
462,ese
463,samjha
464,paris
465,lagega
466,mumbai
467,lakh
468,padta
469,anyway
470,degi
471,itne
472,10
473,pade
474,gir
475,soch
476,3
477,7
478,can
479,yahi
480,taraf
481,kaunsa
482,look
483,andar
484,padh
485,mana
486,nikaal
487,aaa
488,cheeku
489,hehehe
490,ill
491,have
492,khoon
493,aadha
494,building
495,baithe
496,funny
497,music
498,ruksaana
499,samosa
500,hath
501,gyi
502,jaaega
503,pura
504,chuki
505,aaegi
506,bhaiya
507,ro
508,6
509,chilla
510,nai
511,pehen
512,sarupa
513,paraathe
514,wow
515,du
516,achchhi
517,pehale
518,likhane
519,kallu
520,hero
521,mujh
522,karu
523,bina
524,poora
525,jata
526,chali
527,pair
528,gulaab
529,get
530,one
531,say
532,as
533,wala
534,aapke
535,bhabhi
536,naye
537,barah
538,keh
539,zyada
540,spray
541,taareef
542,unki
543,chalta
544,paan
545,mar
546,fine
547,hein
548,koshish
549,roses
550,joke
551,dene
552,bata
553,mushkil
554,alright
555,saadi
556,aajkal
557,lene
558,tiffin
559,vitthal
560,khooni
561,parul
562,rhe
563,baj
564,soniya
565,pappu
566,badan
567,pakode
568,mirchi
569,lelo
570,trouble
571,scotch
572,cookies
573,number
574,offer
575,sabse
576,yun
577,rhi
578,finally
579,pass
580,pen
581,poore
582,waste
583,cycle
584,color
585,black
586,ghunghat
587,jate
588,help
589,karana
590,ba
591,jaldi
592,morning
593,umar
594,mila
595,kheer
596,lift
597,koki
598,wish
599,lungi
600,point
601,jaan
602,hathi
603,bhasha
604,eyes
605,upar
606,vahi
607,kuchh
608,puri
609,leke
610,bahut
611,kis
612,bhala
613,karegi
614,shaayad
615,khana
616,sakata
617,baith
618,rehe
619,pada
620,cd
621,pakad
622,isiliye
623,upset
624,parathe
625,sahi
626,bhot
627,patni
628,karenge
629,expire
630,1
631,nice
632,aana
633,aavaaj
634,bolna
635,mall
636,12
637,baap
638,machine
639,board
640,biryani
641,kaunsi
642,cheej
643,bacha
644,has
645,yeh
646,sweet
647,jara
648,wallet
649,youre
650,kaho
651,film
652,dikha
653,laundaries
654,wale
655,100
656,free
657,tumhen
658,crazy
659,karoge
660,burai
661,shareer
662,jagah
663,definitely
664,much
665,give
666,ghadi
667,from
668,will
669,listen
670,pappa
671,isme
672,ulti
673,awaz
674,roomaal
675,acharya
676,tune
677,sahab
678,madam
679,sone
680,kismi
681,bad
682,down
683,roko
684,newspaper
685,baare
686,ghatiya
687,kaan
688,sharam
689,waali
690,neend
691,chinese
692,lagti
693,pait
694,too
695,laya
696,smell
697,bilakul
698,rahegi
699,mmm
700,phir
701,madhu
702,mind
703,awaaj
704,jaae
705,taste
706,magar
707,sangaadiya
708,nepnc
709,road
710,textile
711,cant
712,likhi
713,khane
714,ayi
715,february
716,baatein
717,dhoond
718,plate
719,teri
720,paagal
721,uth
722,alarm
723,jao
724,actually
725,poocho
726,off
727,gaane
728,cancer
729,nonveg
730,cheez
731,maara
732,business
733,utha
734,sambhar
735,remote
736,naariyal
737,done
738,haath
739,ghanta
740,style
741,husband
742,imported
743,karan
744,verma
745,door
746,pahle
747,kiu
748,try
749,wrong
750,tumhare
751,iski
752,dukaan
753,hongi
754,sochiye
755,bhagwan
756,itana
757,humare
758,there
759,floor
760,chote
761,sad
762,sarita
763,mobile
764,piche
765,bani
766,hand
767,shirt
768,kyun
769,humara
770,tang
771,kehe
772,mujhse
773,genie
774,pehele
775,gayab
776,bachche
777,tra
778,wedding
779,shut
780,we
781,into
782,khushi
783,20
784,kharcha
785,glass
786,kapde
787,jaanta
788,jise
789,suction
790,dhyaan
791,maan
792,logonko
793,pattern
794,dekhkar
795,o
796,karane
797,galat
798,lady
799,friend
800,rahane
801,yani
802,aaila
803,classical
804,bhaabhi
805,pi
806,jaega
807,nangu
808,pangu
809,sudhanshu
810,center
811,dedo
812,pta
813,seat
814,cover
815,gye
816,lipstick
817,pagal
818,lagane
819,likhne
820,sharma
821,really
822,jaanti
823,ijjat
824,totally
825,boliye
826,ghante
827,sir
828,clinic
829,tayar
830,kilo
831,chaar
832,cut
833,joor
834,killer
835,gai
836,kehete
837,im
838,tumhei
839,back
840,something
841,delhi
842,sale
843,milk
844,set
845,club
846,annual
847,news
848,frozen
849,niche
850,lagi
851,naturally
852,mother
853,yaar
854,bharosa
855,him
856,chhutti
857,washing
858,jyaada
859,dinesh
860,urvashi
861,stress
862,dadi
863,support
864,chodh
865,naa
866,devi
867,ghee
868,chuhe
869,letter
870,champa
871,varna
872,bai
873,zara
874,zor
875,pahuch
876,lunch
877,young
878,che
879,zinda
880,pesh
881,doge
882,isi
883,rs
884,check
885,aapse
886,khadi
887,bikini
888,khatam
889,dabba
890,honeymoon
891,rehne
892,kah
893,dur
894,chappal
895,pahan
896,sheera
897,banaya
898,dusre
899,allergy
900,iske
901,such
902,album
903,photo
904,understand
905,ni
906,hawa
907,likh
908,sada
909,rehta
910,samne
911,banai
912,jolly
913,new
914,kho
915,rakhati
916,pooch
917,rajshekhar
918,andha
919,lash
920,india
921,crore
922,poocha
923,kehne
924,seedha
925,deependar
926,aadat
927,bauji
928,kehte
929,milta
930,padho
931,bulaao
932,lambi
933,muni
934,handsome
935,pehli
936,aansoo
937,tshirt
938,word
939,penda
940,maare
941,absolutely
942,jati
943,finger
944,bataya
945,mahine
946,unhone
947,society
948,got
949,jogging
950,phool
951,any
952,line
953,at
954,saaf
955,sun
956,copy
957,limit
958,badi
959,inko
960,believe
961,world
962,dheere
963,kiski
964,leti
965,court
966,role
967,seedhe
968,dialogue
969,unhen
970,gi
971,jaenge
972,unke
973,lord
974,chaba
975,mahangi
976,bye
977,intelligent
978,moze
979,cassette
980,mili
981,sense
982,fek
983,change
984,sunn
985,raddi
986,tumbler
987,wahan
988,jugal
989,tere
990,naha
991,banaao
992,lage
993,parso
994,mix
995,kabutar
996,bargain
997,inhe
998,love
999,cake
1000,dunga
1001,baandh
1002,romantic
1003,humaari
1004,clocks
1005,tommy
1006,kaisi
1007,sophisticated
1008,dher
1009,bottle
1010,blouse
1011,oye
1012,cham
1013,blood
1014,khokla
1015,baasi
1016,khaman
1017,dhokla
1018,train
1019,worlds
1020,aapane
1021,life
1022,jaisa
1023,chandarani
1024,ladka
1025,jokes
1026,accident
1027,woh
1028,case
1029,chholesamose
1030,rabadijalebi
1031,marathon
1032,aye
1033,socha
1034,yeha
1035,naya
1036,aunty
1037,tote
1038,kahaani
1039,mushroom
1040,pattice
1041,shaam
1042,dinner
1043,rule
1044,aaiye
1045,late
1046,suitcase
1047,dekhane
1048,inspector
1049,bag
1050,kehata
1051,li
1052,baithkar
1053,roj
1054,tower
1055,dekhogi
1056,cheentiya
1057,sachmuch
1058,dozen
1059,nikla
1060,vaapas
1061,bech
1062,4
1063,bethi
1064,madat
1065,first
1066,want
1067,bacchon
1068,sharaab
1069,here
1070,about
1071,bloody
1072,mary
1073,girls
1074,chaahe
1075,khaali
1076,karni
1077,kiska
1078,bhul
1079,taufa
1080,aapki
1081,peheni
1082,jajti
1083,jam
1084,sabji
1085,khareedane
1086,aakar
1087,over
1088,may
1089,take
1090,gazab
1091,gunha
1092,huya
1093,teen
1094,hoogi
1095,gareebi
1096,jaye
1097,kahe
1098,saach
1099,think
1100,karva
1101,normal
1102,tyaag
1103,filhal
1104,tro
1105,happy
1106,same
1107,beg
1108,pardon
1109,mithai
1110,apana
1111,deeper
1112,bataaya
1113,jail
1114,15
1115,hazar
1116,jadi
1117,ana
1118,start
1119,singh
1120,barbad
1121,dikhai
1122,chammach
1123,ajanta
1124,ahsaan
1125,kiye
1126,ham
1127,kavi
1128,dhukchuk
1129,election
1130,vote
1131,doonga
1132,gala
1133,jaaoge
1134,wohi
1135,mental
1136,dikhaai
1137,packet
1138,masala
1139,bolta
1140,toolkit
1141,kaisa
1142,tree
1143,bhag
1144,governer
1145,ispe
1146,innocent
1147,coffee
1148,shop
1149,maar
1150,rote
1151,sofa
1152,lagati
1153,usake
1154,khaae
1155,tel
1156,factory
1157,giraffe
1158,lagaya
1159,chalega
1160,bhyi
1161,mene
1162,chalai
1163,jagtaap
1164,fraud
1165,leta
1166,ahuja
1167,mandir
1168,adarshkari
1169,laal
1170,kisse
1171,maja
1172,make
1173,another
1174,already
1175,favourite
1176,chocolate
1177,lunga
1178,faila
1179,mehenge
1180,10000
1181,kehate
1182,quiet
1183,day
1184,bolti
1185,bolte
1186,bethe
1187,aalo
1188,ajeeb
1189,sunaayi
1190,jashodha
1191,fai
1192,500
1193,mega
1194,mango
1195,bakuda
1196,naak
1197,power
1198,khatarnaak
1199,leejie
1200,yakin
1201,gadha
1202,mote
1203,bhainsa
1204,hamari
1205,allowed
1206,kaali
1207,blue
1208,baldev
1209,skirt
1210,marte
1211,dhoka
1212,indravadan
1213,envelopes
1214,card
1215,paar
1216,poetry
1217,milega
1218,saab
1219,rahenge
1220,bete
1221,karata
1222,sindhoor
1223,chi
1224,hate
1225,chaand
1226,bhejati
1227,chor
1228,k
1229,dandruff
1230,baalon
1231,family
1232,chuho
1233,shooting
1234,scene
1235,600
1236,400
1237,jaha
1238,auratein
1239,secretary
1240,sikha
1241,acche
1242,dekhiae
1243,bach
1244,unse
1245,ekalauta
1246,supporter
1247,chaahate
1248,ban
1249,haww
1250,beautiful
1251,ear
1252,dibbe
1253,khate
1254,madad
1255,kiran
1256,aadami
1257,bhaukata
1258,aishwarya
1259,rai
1260,again
1261,last
1262,lu
1263,discount
1264,break
1265,pet
1266,aapka
1267,gaana
1268,keejiye
1269,dekhti
1270,chuute
1271,jki
1272,zhat
1273,sweetie
1274,padosan
1275,darwaaje
1276,thode
1277,maangane
1278,shakkar
1279,khali
1280,pleasant
1281,germany
1282,switzerland
1283,ridiculous
1284,tabhi
1285,plastic
1286,moch
1287,surat
1288,apamaan
1289,tumane
1290,jante
1291,kahete
1292,yellow
1293,away
1294,pack
1295,jaroor
1296,issue
1297,video
1298,vasool
1299,mendhak
1300,if
1301,madhusudhan
1302,muhn
1303,culcutta
1304,acting
1305,atma
1306,chahie
1307,rom
1308,wooh
1309,uhhh
1310,chehra
1311,mahina
1312,shok
1313,fact
1314,sabha
1315,fellow
1316,brand
1317,whats
1318,script
1319,sawaal
1320,der
1321,jaaunga
1322,coyote
1323,akhbar
1324,headlines
1325,star
1326,logo
1327,maasi
1328,knock
1329,chaahie
1330,discuss
1331,dekhakar
1332,usane
1333,jawaab
1334,aayiye
1335,fufa
1336,kapdon
1337,maaf
1338,uhh
1339,gunna
1340,relief
1341,kalaakaar
1342,times
1343,wonder
1344,kashish
1345,function
1346,kahunga
1347,naarad
1348,besharam
1349,aankhe
1350,nikaala
1351,bolne
1352,padi
1353,ofcourse
1354,banne
1355,bataaunga
1356,kleptomania
1357,aaram
1358,khaata
1359,out
1360,qubool
1361,baithi
1362,paisa
1363,jor
1364,extra
1365,end
1366,busy
1367,99
1368,paala
1369,rokne
1370,basi
1371,humesha
1372,high
1373,okra
1374,fast
1375,darwaaja
1376,apartment
1377,darvaaja
1378,khol
1379,aaega
1380,daalna
1381,language
1382,buddhu
1383,jarurat
1384,call
1385,seriously
1386,house
1387,pocha
1388,ambulance
1389,kidney
1390,baal
1391,fridge
1392,chodo
1393,shopping
1394,girl
1395,peeche
1396,ahahaha
1397,nirdosh
1398,camera
1399,aankhen
1400,distinguished
1401,famous
1402,expert
1403,sunkar
1404,classy
1405,rehati
1406,ata
1407,tut
1408,pichle
1409,rengte
1410,todte
1411,lobby
1412,calm
1413,hint
1414,m
1415,kachra
1416,promise
1417,501
1418,mrityu
1419,chhupe
1420,anu
1421,sunne
1422,fanshi
1423,saja
1424,sara
1425,disturb
1426,article
1427,paragraph
1428,imagine
1429,jinda
1430,artical
1431,struggle
1432,donon
1433,worry
1434,scrabble
1435,joking
1436,chamatkar
1437,badal
1438,kahenge
1439,chabi
1440,raita
1441,should
1442,joote
1443,pehenna
1444,purani
1445,mention
1446,laash
1447,moti
1448,naukaron
1449,shoes
1450,karunga
1451,gareeb
1452,nikale
1453,feb
1454,non
1455,exactly
1456,chehre
1457,cockroach
1458,sweetheart
1459,buffet
1460,50
1461,pant
1462,waiter
1463,laa
1464,khareed
1465,kharaab
1466,naisha
1467,melamine
1468,sadha
1469,jakar
1470,kismat
1471,kissi
1472,lagakar
1473,kehena
1474,chalao
1475,sakate
1476,karega
1477,minutes
1478,indra
1479,roti
1480,eksath
1481,khareedne
1482,bhej
1483,unpar
1484,asar
1485,rahati
1486,immune
1487,heard
1488,room
1489,copies
1490,tell
1491,jaisi
1492,bhalu
1493,dikh
1494,skin
1495,white
1496,polite
1497,baate
1498,esi
1499,dimag
1500,sc
1501,kahin
1502,warna
1503,pahale
1504,ise
1505,gale
1506,abhishek
1507,tunnel
1508,shayad
1509,jane
1510,cheeze
1511,repair
1512,2000
1513,mulaakaat
1514,pehali
1515,bare
1516,mrs
1517,5th
1518,shak
1519,mard
1520,aai
1521,khandaan
1522,peeonga
1523,padmaavati
1524,pyar
1525,meena
1526,market
1527,dusri
1528,sanan
1529,chemist
1530,august
1531,anshan
1532,sadhi
1533,banana
1534,karungi
1535,thought
1536,friends
1537,stop
1538,sare
1539,dance
1540,jau
1541,chambhu
1542,pnt
1543,level
1544,behra
1545,murder
1546,dancer
1547,esophagus
1548,humne
1549,ahem
1550,tera
1551,supari
1552,achi
1553,1010
1554,roz
1555,chupaayi
1556,likkha
1557,wife
1558,daane
1559,brother
1560,kbc
1561,b
1562,dugdugi
1563,rate
1564,only
1565,ghaar
1566,seva
1567,jallaad
1568,puch
1569,plan
1570,achanak
1571,chotti
1572,rahungi
1573,dalunga
1574,orr
1575,55
1576,pinku
1577,chupa
1578,nishchit
1579,zaroor
1580,chahe
1581,kahiye
1582,peeya
1583,malvika
1584,dattu
1585,likhna
1586,inki
1587,work
1588,cupboard
1589,suit
1590,bheekaari
1591,bheek
1592,side
1593,chuha
1594,angadai
1595,bewafayi
1596,bhabi
1597,an
1598,bechaari
1599,sadak
1600,sheher
1601,kunvaara
1602,fikar
1603,jethpur
1604,aankh
1605,special
1606,ubalte
1607,baki
1608,henchman
1609,mafia
1610,manisha
1611,paper
1612,imli
1613,walnut
1614,brownie
1615,kitaab
1616,fenk
1617,aau
1618,notice
1619,peene
1620,salad
1621,madhubaala
1622,dilati
1623,laughter
1624,baarf
1625,potato
1626,chips
1627,hang
1628,solution
1629,goonde
1630,janam
1631,calling
1632,hospital
1633,shankar
1634,saagar
1635,saabudaana
1636,930
1637,shartein
1638,mandvaali
1639,3rd
1640,champakali
1641,dantamanjan
1642,takatak
1643,awards
1644,way
1645,cheekh
1646,rabdi
1647,bapre
1648,karwani
1649,baja
1650,dum
1651,tukde
1652,dare
1653,bula
1654,ar
1655,1030
1656,pohochati
1657,samjhati
1658,16
1659,sharp
1660,pohochate
1661,jod
1662,kehene
1663,pohochna
1664,statement
1665,dikhaao
1666,chupu
1667,tacky
1668,cruise
1669,liner
1670,chalne
1671,overnight
1672,stay
1673,angdayi
1674,tabtak
1675,patang
1676,khade
1677,rehke
1678,dagmaga
1679,bhagte
1680,dikki
1681,carpet
1682,ohar
1683,dikke
1684,hell
1685,wah
1686,eiffel
1687,najaara
1688,kitchen
1689,najar
1690,75
1691,guaranteed
1692,dukaandaar
1693,easy
1694,weak
1695,bladder
1696,bichare
1697,suhagrat
1698,haal
1699,biwi
1700,khatiye
1701,odh
1702,kahega
1703,‘arey
1704,uthao’
1705,uthau
1706,uthati
1707,ho’
1708,lakdi
1709,manate
1710,suhagrat’
1711,filhaal
1712,sunlo
1713,welp
1714,kundi
1715,khidaki
1716,kud
1717,third
1718,waha
1719,dhakel
1720,sahil…good
1721,morining
1722,revolver
1723,shoot
1724,bichaari
1725,lat
1726,pallavi
1727,maangi
1728,rupees
1729,peeogi
1730,memsaheb
1731,soorat
1732,50000
1733,ekhatta
1734,un
1735,shikaar
1736,bottles
1737,milaya
1738,hass
1739,boli
1740,flush
1741,chupaya
1742,aehi
1743,pucho
1744,badhi
1745,maze
1746,received
1747,calls
1748,dialed
1749,numbers
1750,seene
1751,lagayi
1752,david
1753,sons
1754,khareedana
1755,darwaje
1756,samajhte
1757,sawere
1758,niklate
1759,bhaiyaa
1760,bhaav
1761,aaoge
1762,possibility
1763,laaparavaahiyonse
1764,majboor
1765,decision
1766,ganga
1767,pavitra
1768,bataiyein
1769,chiraag
1770,jaaye
1771,konsi
1772,mangoge
1773,saabke
1774,duniya
1775,khye
1776,kahungi
1777,serious
1778,stuff
1779,proved
1780,1st
1781,prize
1782,mijhe
1783,paida
1784,doctors
1785,cesarean
1786,warana
1787,khatra
1788,delivery
1789,deliver
1790,deni
1791,isame
1792,zindagi
1793,ehasaan
1794,mand
1795,rahega
1796,troooo
1797,means
1798,parents
1799,roseshaaaa
1800,luck
1801,duryodhan
1802,rajya
1803,hadap
1804,sapane
1805,shall
1806,kurukshetra
1807,begin
1808,khula
1809,aankhon
1810,pratibimb
1811,drop
1812,defences
1813,surrender
1814,kisake
1815,akhabaar
1816,inako
1817,pooree
1818,behare
1819,asafal
1820,dekhe
1821,chhutkara
1822,paye
1823,marungi
1824,khae
1825,piye
1826,toda
1827,bara
1828,brilliant
1829,jaanbooch
1830,sambhaalna
1831,aakh
1832,daataa
1833,pagadi
1834,nikaalogi
1835,daatega
1836,ajnata
1837,jisne
1838,ehsaan
1839,muskurati
1840,bolati
1841,meherbani
1842,si…
1843,unusual
1844,haan…unusual
1845,hak
1846,banta
1847,kavitaon
1848,kahane
1849,hool
1850,jamaane
1851,dracula
1852,ki…dhinchak
1853,dhinchak
1854,chaale
1855,chaale…something
1856,varana
1857,daba
1858,anaath
1859,charbi
1860,lipush
1861,chabri
1862,utaarunga
1863,chadd
1864,bakwaas
1865,nashe
1866,aadmi
1867,pahli
1868,bhature
1869,bagaya
1870,rasgulle
1871,troo
1872,chaap
1873,sherlock
1874,homes
1875,job
1876,auratonke
1877,bachonke
1878,dekhabhal
1879,rakhungi
1880,governess
1881,gov
1882,dopehar
1883,sunvilla
1884,khoobsurat
1885,attractive
1886,gappe
1887,rahai
1888,chodke
1889,chodungi
1890,legally
1891,gadiya
1892,bank
1893,locker
1894,jewellery
1895,alibaug
1896,cottage
1897,proove
1898,bore
1899,hutututu
1900,khele
1901,naraayani
1902,narvekar
1903,rakhiyega
1904,dol
1905,sofe
1906,jyada
1907,anything
1908,spelling
1909,centar
1910,zehar
1911,darr
1912,tail
1913,tuti
1914,paint
1915,ukhad
1916,girr
1917,betho
1918,windshield
1919,rave
1920,parties
1921,drugs
1922,saraswati
1923,vodka
1924,milati
1925,aaraswati
1926,parmeshwar
1927,honeki
1928,bate
1929,yaya
1930,khel
1931,panchaanyati
1932,jaaegi
1933,ishaara
1934,hehechand
1935,hindu
1936,madhubhai
1937,dead
1938,baten
1939,khoobasurat
1940,dia
1941,drink
1942,peg
1943,chuke
1944,socially
1945,tober
1946,sober
1947,faayda
1948,ismein
1949,zahar
1950,consultation
1951,charge
1952,uthate
1953,starts
1954,dekhaane
1955,daksesh
1956,school
1957,maaji
1958,daadima
1959,mangawati
1960,bataka
1961,kia
1962,sunae
1963,yashodha
1964,yasodha
1965,buaa
1966,jashsodha
1967,low
1968,silk
1969,gown
1970,pairon
1971,inch
1972,stilletos
1973,pehan
1974,cigratte
1975,peeti
1976,radhabhai
1977,memsahab
1978,sandals
1979,250
1980,gentlemen
1981,jimai
1982,plural
1983,istemaal
1984,kachchi
1985,baapu
1986,isane
1987,katava
1988,nakachaḍhi
1989,apanana
1990,macho
1991,explain
1992,raasta
1993,jaaiye
1994,hope
1995,doosari
1996,bhainse
1997,outside
1998,vehicles
1999,kaal
2000,jamat
2001,sanghathan
2002,member
2003,dakaar
2004,etiquette
2005,preposterous
2006,prep
2007,could
2008,karli
2009,samjhana
2010,stabbed
2011,sizes
2012,diaries
2013,different
2014,little
2015,note
2016,baaju
2017,softly
2018,saas
2019,kaagaj
2020,lagai
2021,nashate
2022,whole
2023,wheat
2024,shandwich
2025,soya
2026,apple
2027,yogurt
2028,juice
2029,loving
2030,banaae
2031,layak
2032,kholo
2033,guess
2034,designers
2035,brown
2036,cherry
2037,box
2038,aar
2039,talented
2040,blanket
2041,naughty
2042,art
2043,sammelan
2044,poem
2045,dekhna
2046,std
2047,batana
2048,dekhenge
2049,apka
2050,kroor
2051,ghamandi
2052,harata
2053,jee
2054,mangalsutra
2055,pehana
2056,maang
2057,lagana
2058,andhera
2059,daag
2060,dhabbaa
2061,dalegi
2062,chapaaties
2063,ironing
2064,istiri
2065,chapaati
2066,bistar
2067,nikaali
2068,isti
2069,khaao
2070,suddenly
2071,civilized
2072,fikr
2073,boht
2074,pareshan
2075,afterall
2076,bhaag
2077,zabardast
2078,wahi
2079,hellohaha
2080,kiske
2081,ooh
2082,geya
2083,kiraye
2084,correction
2085,suburbs
2086,cum
2087,bed
2088,covers
2089,dhulwaati
2090,haimai
2091,range
2092,pakda
2093,usko
2094,yoga
2095,moochyoga
2096,bathtub
2097,yea
2098,thik
2099,candles
2100,bachi
2101,nainital
2102,churai
2103,meina
2104,leave
2105,haarne
2106,barbaad
2107,jaaungi
2108,haar
2109,maani
2110,padegi
2111,kahegiindravardhan
2112,dushman
2113,camp
2114,zindabaad
2115,fantastic
2116,dear
2117,exquisite
2118,rings
2119,fire
2120,laayi
2121,cornflakes
2122,gifts
2123,thala
2124,intestine
2125,calories
2126,ruko
2127,resignation
2128,pallavee
2129,prerna
2130,yu
2131,ratnagiri
2132,compare
2133,loonga
2134,depends
2135,kism
2136,dam
2137,rahata
2138,gusse
2139,samane
2140,yehi
2141,sonya
2142,gadbad
2143,parkaya
2144,pravesh
2145,mantra
2146,jhoosi
2147,jhagada
2148,bekaar
2149,dhaniya
2150,refund
2151,loongi
2152,poraani
2153,nayi
2154,thuku
2155,auditorium
2156,thukna
2157,complcated
2158,kehta
2159,costume
2160,declare
2161,cruel
2162,samjhaaya
2163,mahaaraani
2164,pooja
2165,drinks
2166,hazam
2167,fit
2168,rosewalk
2169,ashtray
2170,statue
2171,liberty
2172,mug
2173,ghadi…ek
2174,dail
2175,saat
2176,strap
2177,that’s
2178,international
2179,picasso
2180,headless
2181,long
2182,lost
2183,uncles
2184,tumme
2185,himmat
2186,mafi
2187,mangna
2188,chahate
2189,logonne
2190,phew
2191,pohochte
2192,swimming
2193,udhaar
2194,aaah
2195,kamal
2196,pehene
2197,visualize
2198,liyana
2199,padosi
2200,banati
2201,chura
2202,rehkar
2203,bangladesh
2204,manaye
2205,suspense
2206,sacchi
2207,antim
2208,mythologically
2209,apparently
2210,middleclass
2211,kashyap
2212,bachchhe
2213,sochegi
2214,sochati
2215,manu
2216,dhondi
2217,dard
2218,baam
2219,kharch
2220,bachaane
2221,bone
2222,setter
2223,khaa
2224,leejiye
2225,rude
2226,daamaad
2227,insult
2228,bardaast
2229,ladti
2230,behes
2231,mauka
2232,milte
2233,khuun
2234,darte
2235,hypocracy
2236,aankho
2237,rang
2238,these
2239,flowers
2240,big
2241,khudh
2242,rishte
2243,jabardasti
2244,kheech
2245,neka
2246,tood
2247,musibate
2248,tikake
2249,rakhate
2250,indravadhan
2251,virus
2252,yaadash
2253,rehata
2254,shart
2255,enough
2256,talk
2257,smart
2258,sleep
2259,then
2260,machali
2261,samajhegi
2262,samjh
2263,gaegi
2264,rakhiye
2265,rakhiega
2266,kijiye
2267,waa
2268,ammateur
2269,chhori
2270,lagna
2271,where
2272,intensity
2273,oscar
2274,worthy
2275,chahiye
2276,body
2277,grace
2278,tense
2279,woo
2280,khatm
2281,popat
2282,kaka
2283,smaran
2284,cocktails
2285,gana
2286,gaungi
2287,to…
2288,sound
2289,bell
2290,fellowhe
2291,bhajan
2292,gaogi
2293,khona
2294,kamse
2295,nuksan
2296,suri
2297,turant
2298,zodiac
2299,bistro
2300,pohoch
2301,live
2302,banna
2303,svargeeya
2304,lalu
2305,stage
2306,dekhta
2307,takrata
2308,girta
2309,‘help
2310,hai’
2311,automatic
2312,united
2313,states
2314,america
2315,pehla
2316,model
2317,saahil
2318,hapus
2319,maal
2320,kaat
2321,khaenge
2322,pakake
2323,laae
2324,khaaya
2325,genius
2326,sunoge
2327,kanjoos
2328,shamita
2329,malhotra
2330,35
2331,liyi
2332,bhelpuri
2333,mangavaaye
2334,tayari
2335,kamre
2336,aaungi
2337,bolana
2338,manners
2339,hilana
2340,muje
2341,ishaare
2342,chaiye
2343,patta
2344,chudake
2345,bhagne
2346,patte
2347,stairs
2348,bukhaar
2349,jaiye
2350,arghh
2351,khichana
2352,maza
2353,dabao
2354,bakurda
2355,dekhungi
2356,gal
2357,tussi
2358,tonu
2359,peh
2360,lautane
2361,waaste
2362,ginn
2363,jitna
2364,lautao
2365,appreciate
2366,lataoge
2367,uthaao
2368,minuteaao
2369,okayokay
2370,lao
2371,pain
2372,literate
2373,arent
2374,reading
2375,chhapi
2376,regional
2377,likhenge
2378,chhapa
2379,suniye
2380,andaaz
2381,usi
2382,gehari
2383,kalaprem
2384,upastithi
2385,disconnnect
2386,disgusting
2387,dimaag
2388,thikaane
2389,vajah
2390,giraffekeh
2391,feet
2392,inches
2393,chabaae
2394,kaha…ye
2395,daala
2396,vo…
2397,infection
2398,aaah…maya
2399,ignore
2400,guys
2401,carry
2402,session
2403,plug
2404,nikalta
2405,nalayak
2406,darre
2407,darate
2408,sharm
2409,dikhane
2410,dikhte
2411,faraq
2412,powerful
2413,personality
2414,zindaagi
2415,reh
2416,jhuk
2417,jhat
2418,samet
2419,kambakht
2420,jeb
2421,penny
2422,comments
2423,ma
2424,poonchne
2425,gurinder
2426,mausi
2427,khabri
2428,sunna
2429,after
2430,behen
2431,dewar
2432,khabar
2433,beemaar
2434,beemaari
2435,cheeje
2436,churaane
2437,sukh
2438,chaiyn
2439,churaaya
2440,jaanvar
2441,bamboo
2442,dikhata
2443,lovely
2444,ears
2445,accept
2446,leni
2447,said
2448,acceptance
2449,key
2450,nehi
2451,completely
2452,fareli
2453,godown
2454,hasti
2455,restaurant
2456,bowl
2457,mangti
2458,titles
2459,taxi
2460,driver
2461,bergetting
2462,ine
2463,muh
2464,hilaye
2465,abse
2466,apan
2467,hile
2468,bagair
2469,ray
2470,form
2471,bharne
2472,manga
2473,sagi
2474,chhupaaya
2475,unhei
2476,anjaan
2477,parai
2478,outsider
2479,stranger
2480,roka
2481,murad
2482,zubaan
2483,miss
2484,saabziwaale
2485,cahiye
2486,haamre
2487,gents
2488,nada
2489,toot
2490,churidar
2491,zip
2492,lagani
2493,keya
2494,niklo
2495,yan
2496,khul
2497,youve
2498,harder
2499,bakawaas
2500,makhaan
2501,khulta
2502,unfortunately
2503,humaara
2504,allergic
2505,hasi
2506,tumahara
2507,angle
2508,nahate
2509,daalo
2510,vaal
2511,later
2512,kahoge
2513,didnt
2514,safaayi
2515,honahi
2516,jhaadu
2517,lagaati
2518,emergency
2519,private
2520,khareedoongi
2521,year
2522,bajane
2523,bhatia
2524,loud
2525,indravardha
2526,maam
2527,malum
2528,vale
2529,kayaamat
2530,urf
2531,irritate
2532,hala
2533,group
2534,aurate
2535,urmila
2536,paidaishi
2537,rudali
2538,haigaana
2539,sunke
2540,padte
2541,puchti
2542,sadi
2543,haivo
2544,sales
2545,roke
2546,jawab
2547,sau
2548,bajne
2549,jaante
2550,embassy
2551,towers
2552,vaakai
2553,issliye
2554,ekdum
2555,chakachak
2556,haina
2557,lot
2558,sunli
2559,million
2560,zarurat
2561,farz
2562,nibhaya
2563,roll
2564,holl
2565,maaru
2566,boyfriend
2567,they
2568,gorgeous
2569,hairstyle
2570,hoth
2571,rotiya
2572,khaate
2573,chapathies
2574,aadimaanav
2575,samajhata
2576,gufa
2577,rahate
2578,modern
2579,appliances
2580,sochna
2581,mehamaan
2582,namunaa
2583,hypnotist
2584,vasheekaran
2585,annirudh
2586,prasad
2587,bandalabaaj
2588,fekuchand
2589,aakhon
2590,lagegi
2591,sunake
2592,kisio
2593,mara
2594,hasane
2595,hasana
2596,suthra
2597,moochclassy
2598,chotu
2599,rehate
2600,mafatlaal
2601,kisine
2602,kaaj
2603,reverse
2604,chalane
2605,pahad
2606,ratt
2607,lagaye
2608,haiila
2609,ghaseeto
2610,judge
2611,ghaseet
2612,budhu
2613,kheench
2614,esa
2615,puchne
2616,rahogi
2617,lehra
2618,ulte
2619,jismei
2620,peet
2621,dusro
2622,silverte
2623,aakhiri
2624,tahali
2625,khaaenge
2626,giant
2627,ghoom
2628,mainemaine
2629,strawberry
2630,barfi
2631,recipe
2632,amritsari
2633,methi
2634,chaman
2635,baitho
2636,baithana
2637,parosega
2638,laadli
2639,parosane
2640,arre
2641,roki
2642,gina
2643,rokungi
2644,samjhaun
2645,narad
2646,bataiye
2647,sati
2648,savitri
2649,pran
2650,wapas
2651,aaogi
2652,mangu
2653,desperate
2654,5001
2655,karen
2656,inkar
2657,still
2658,saans
2659,riswat
2660,kousish
2661,kasam
2662,horrible
2663,bhitar
2664,satrangi
2665,astitwo
2666,naas
2667,kebal
2668,alpabiram
2669,madhyam
2670,moth
2671,prakarsakh
2672,samrajya
2673,anth
2674,paramatma
2675,hainjabab
2676,jabab
2677,ataa
2678,fattuyeh
2679,jage
2680,opening
2681,sardanjali
2682,urgent
2683,sundar
2684,abhagan
2685,jiska
2686,baccha
2687,chhoda
2688,pahla
2689,tarikh
2690,african
2691,buti
2692,mombolina
2693,hanste
2694,haste
2695,3999
2696,sake
2697,mile
2698,samjhaya
2699,wate
2700,saathsaath
2701,chamak
2702,sabke
2703,championship
2704,udaaya
2705,hasse
2706,playing
2707,game
2708,tede
2709,mede
2710,words
2711,banaane
2712,did
2713,dalungi
2714,pahuncha
2715,known
2716,ghoomne
2717,walkman
2718,sasu
2719,raani
2720,pathetically
2721,jiski
2722,shakal
2723,milti
2724,julti
2725,mooncho
2726,chehare
2727,smile
2728,kata
2729,helping
2730,kambaqt
2731,chidaaunga
2732,jute
2733,kits
2734,sports
2735,maalakin
2736,kai
2737,gaddari
2738,maanega
2739,imaan
2740,kehti
2741,accha
2742,lagela
2743,moochnahi
2744,doosra
2745,tujh
2746,aadh
2747,samhaal
2748,hobby
2749,collect
2750,spanish
2751,khilaau
2752,haisiaanda
2753,chhee
2754,pakwan
2755,chouthi
2756,ghoorte
2757,thaali
2758,raja
2759,raho
2760,paroste
2761,jaayenge
2762,panghat
2763,dhone
2764,dali
2765,belt
2766,planet
2767,dudh
2768,daiquiri
2769,squeeze
2770,keep
2771,chammbo
2772,chungal
2773,beshak
2774,rona
2775,kaar
2776,ruki
2777,marnaplease
2778,jeete
2779,padhi
2780,awaara
2781,baadal
2782,novelist
2783,zakhmi
2784,khanjar
2785,khareeda
2786,majboot
2787,wasool
2788,nikli
2789,saakta
2790,baalti
2791,hoyi
2792,maussi
2793,huyi
2794,handle
2795,chrome
2796,plated
2797,thayera
2798,aluminum
2799,kada
2800,kuyein
2801,dubki
2802,dhoodne
2803,goodbye
2804,maharaaj
2805,maalik
2806,naukri
2807,fatafat
2808,hypnotize
2809,sarabhais
2810,samajhati
2811,samajhe
2812,jaya
2813,need
2814,hug
2815,achaanak
2816,kahate
2817,cry
2818,bheji
2819,chulhe
2820,chadha
2821,seperately
2822,pakaneki
2823,azad
2824,ground
2825,aapne
2826,beth
2827,jaegi
2828,patient
2829,33
2830,maanta
2831,banti
2832,iljaam
2833,lagaao
2834,gunhegaar
2835,inpar
2836,ekhi
2837,chidakti
2838,hamesha
2839,khila
2840,flavours
2841,chidaku
2842,kitkit
2843,theme
2844,animal
2845,animals
2846,banege
2847,mask
2848,pahanne
2849,jaroorat
2850,deewaron
2851,concealed
2852,mike
2853,bugged
2854,agent
2855,waala
2856,khaareed
2857,ohh
2858,bookshop
2859,stockist
2860,dressing
2861,aurte
2862,khareedi
2863,bechne
2864,rakhne
2865,jhuti
2866,karwayi
2867,idiot
2868,sarojini
2869,naidu
2870,mirza
2871,ghalib
2872,jaawed
2873,akhtar
2874,silwa
2875,jhoothi
2876,lucchi
2877,moonchhe
2878,research
2879,suniyee
2880,also
2881,medically
2882,asacterious
2883,condition
2884,characterize
2885,divide
2886,symptom
2887,disease
2888,selfthe
2889,pigment
2890,phd
2891,sweety
2892,theory
2893,practical
2894,vajan
2895,indriyon
2896,kaabu
2897,paa
2898,paranoid
2899,tohfa
2900,chhipakali
2901,pataaka
2902,conversations
2903,jake
2904,round
2905,ati
2906,ghum
2907,gairmajudgi
2908,chamkate
2909,arrest
2910,rakha
2911,nikalate
2912,hissa
2913,khaak
2914,police
2915,choor
2916,daaku
2917,page
2918,chhodo
2919,swarg
2920,rahana
2921,nahane
2922,maire
2923,nashta
2924,character
2925,tm
2926,ouch
2927,taaki
2928,fetch
2929,kneel
2930,bachan
2931,steps
2932,upper
2933,marta
2934,gujar
2935,safed
2936,poona
2937,lagte
2938,dukane
2939,dhundhte
2940,bargaining
2941,barsi
2942,comp
2943,desi
2944,daaru
2945,bagal
2946,kabaadivaale
2947,kabaadivaala
2948,puraani
2949,bechta
2950,congratulations
2951,hellohahahaachchha
2952,btaya
2953,kohaan
2954,phas
2955,maikhamaka
2956,intercom
2957,maihaan
2958,homaineaisa
2959,lie
2960,induyoukaun
2961,billeymorio
2962,7th
2963,floornahi
2964,nahishes
2965,old
2966,revati
2967,kapoor
2968,flooreh
2969,smells
2970,mardon
2971,tareekhein
2972,balki
2973,akhbaar
2974,kyamonisha
2975,akhbaaro
2976,couch
2977,kabse
2978,mmmmm
2979,yead
2980,kafi
2981,dino
2982,ish
2983,area
2984,ilaka
2985,anyways
2986,yeah
2987,expression
2988,ohh…indravardhan
2989,denga
2990,bechare
2991,jeena
2992,haram
2993,aj
2994,going
2995,belive
2996,sunayi
2997,ashmit
2998,goyal
2999,tornado
3000,bitch
3001,who
3002,wants
3003,next
3004,socialite
3005,bhagavaan
3006,bichaare
3007,dhool
3008,jami
3009,overreact
3010,pio
3011,naani
3012,eena
3013,anju
3014,short
3015,paddy
3016,hona
3017,masum
3018,cheating
3019,bhalai
3020,jaayega
3021,reputation
3022,pani
3023,bunde
3024,gehne
3025,bagiche
3026,khushbu
3027,libaas
3028,pehne
3029,sarhado
3030,lehrau
3031,vaayu
3032,zameen
3033,pavan
3034,acchi
3035,kisne
3036,askingumm
3037,chheenke
3038,17th
3039,september
3040,breach
3041,candy
3042,aurmard
3043,1stummkiss
3044,april
3045,mercedes
3046,bitha
3047,khilane
3048,babulnath
3049,21st
3050,1999
3051,date
3052,banke
3053,kanjivaram
3054,jacket
3055,pehenta
3056,simple
3057,cotton
3058,kanpega
3059,hurry
3060,open
3061,neat
3062,clean
3063,fairy
3064,magic
3065,wand
3066,ghuma
3067,gandi
3068,criticise
3069,sakun
3070,pagli
3071,ketchup
3072,khati
3073,chatni
3074,chaat
3075,sandwich
3076,boring
3077,banane
3078,2400
3079,dun
3080,nasiyat
3081,rehnde
3082,uh
3083,bulaakar
3084,facial
3085,shacial
3086,kara
3087,jaun
3088,beauty
3089,treatment
3090,hh
3091,kamina
3092,gaao
3093,gaau
3094,remix
3095,dikhaye
3096,saiya
3097,aanaa
3098,jaanaa
3099,aeee
3100,chamaa
3101,aalab
3102,kambqt
3103,daant
3104,dikhaane
3105,strange
3106,baavajoot
3107,honestly
3108,kahu
3109,sachhe
3110,buraaiya
3111,security
3112,bulaogi
3113,park
3114,register
3115,dastakhad
3116,kahani
3117,bola
3118,nautanki
3119,subplot
3120,tone
3121,psychological
3122,man
3123,bheetar
3124,chupe
3125,perversions
3126,dekar
3127,symbolically
3128,superficial
3129,fantastically
3130,far
3131,fetched
3132,situation
3133,farsical
3134,representation
3135,jisme
3136,gunga
3137,mystery
3138,solve
3139,chupaane
3140,obviously
3141,cabret
3142,bhatka
3143,maharaj
3144,liver
3145,dikhaenge
3146,chhipai
3147,taki
3148,program
3149,cancel
3150,chance
3151,continue
3152,paaegi
3153,rhyme
3154,connection
3155,musaafir
3156,order
3157,veg
3158,dibba
3159,cute
3160,jald
3161,sarote
3162,fasi
3163,beemar
3164,maike
3165,1515
3166,trophies
3167,kharide
3168,universal
3169,laaega
3170,childish
3171,games
3172,khelungi
3173,chood
3174,aayen
3175,tod
3176,sabko
3177,khus
3178,kowshis
3179,pareeshaan
3180,pakoode
3181,akal
3182,taras
3183,tumahri
3184,chiiz
3185,compulsory
3186,pakoda
3187,khaake
3188,tumari
3189,nayar
3190,ahh
3191,kaash
3192,chnadarani
3193,uthake
3194,jaake
3195,uthana
3196,ho…ye
3197,keheta
3198,humhein
3199,maane
3200,shadishuda
3201,shaadisuuda
3202,humshakal
3203,footi
3204,monu
3205,bartanon
3206,ane
3207,dordaya
3208,sunai
3209,computer
3210,screen
3211,agala
3212,sabase
3213,bari
3214,dadagiri
3215,swabhaab
3216,c
3217,dhong
3218,d
3219,hedal
3220,mahan
3221,yogi
3222,aashram
3223,clearly
3224,fix
3225,prasaad
3226,cooked
3227,bhabhooti
3228,kumkum
3229,menu
3230,daaba
3231,sign
3232,kapade
3233,sidhi
3234,nakchari
3235,speaking
3236,whos
3237,apki
3238,surname
3239,manhi
3240,nahinab
3241,pest
3242,control
3243,ghus
3244,bimari
3245,hamare
3246,painters
3247,humme
3248,samajti
3249,hain…woi
3250,affair
3251,drug
3252,addict
3253,zukham
3254,hain…saare
3255,utaarkar
3256,beach
3257,dakhal
3258,andaazi
3259,dhudh
3260,pee
3261,giri
3262,ponch
3263,khaunga
3264,socks
3265,boy
3266,niklega
3267,toliya
3268,khinchunga
3269,jaunga
3270,list
3271,bhanu
3272,11
3273,shukar
3274,thike
3275,aage
3276,suiya
3277,milake
3278,ladaki
3279,pahaniye
3280,duble
3281,lagenge
3282,badmaash
3283,kamini
3284,banayi
3285,aya
3286,aega
3287,shes
3288,humour
3289,general
3290,liy
3291,raste
3292,430
3293,roku
3294,vahan
3295,megamall
3296,midnight
3297,sent
3298,80
3299,akeli
3300,bujha
3301,tubelightakaar
3302,passsabjiyan
3303,hata
3304,mehnat
3305,seduce
3306,serial
3307,honey
3308,because
3309,grover
3310,nare
3311,lagaayengee
3312,cheekhegee
3313,paagalpan
3314,jindaagi
3315,aakhri
3316,pal
3317,rehana
3318,chalungi
3319,julab
3320,goli
3321,chalna
3322,nervous
3323,dusara
3324,khet
3325,itane
3326,bure
3327,inhone
3328,khaye
3329,hypnotic
3330,spell
3331,aazad
3332,vaalon
3333,bheed
3334,cheerate
3335,naalaayak
3336,napawat
3337,peeth
3338,mansuk
3339,um
3340,usaka
3341,tailor
3342,lets
3343,celebrate
3344,katiye
3345,katne
3346,koshi
3347,puraane
3348,rakkhe
3349,unka
3350,dhanda
3351,chaupat
3352,chaahata
3353,maangenge
3354,hadd
3355,confirm
3356,booch
3357,anjaane
3358,faimi
3359,muskurahat
3360,jungle
3361,hiran
3362,kudak
3363,mor
3364,pankh
3365,nach
3366,hunbolo
3367,table
3368,full
3369,aadhi
3370,sms
3371,girlfriend
3372,hahahai
3373,tumpe
3374,makes
3375,bhatakti
3376,remember
3377,mota
3378,joint
3379,ration
3380,banwa
3381,imaandari
3382,kiraaya
3383,dera
3384,jamane
3385,pesticide
3386,khatmal
3387,dawai
3388,pilaenge
3389,oof
3390,rangeela
3391,lacheela
3392,sharmeela
3393,tume
3394,taiyaari
3395,usme
3396,cabaret
3397,bechari
3398,shaanti
3399,story
3400,must
3401,pahele
3402,refuse
3403,disguise
3404,al
3405,capone
3406,godfather
3407,kangi
3408,bechi
3409,stall
3410,license
3411,badibadi
3412,hastiyon
3413,daud
3414,lelorabadi
3415,jalebi
3416,samose
3417,25
3418,pyaaz
3419,nimbu
3420,chhota
3421,rukenge
3422,passport
3423,ticket
3424,credit
3425,cards
3426,mooli
3427,galataphahami
3428,fight
3429,nashte
3430,bachenge
3431,bhatiji
3432,harj
3433,kunvaari
3434,responsibility
3435,chhat
3436,mani
3437,ben
3438,made
3439,dekhega
3440,vishal
3441,guha
3442,bulaya
3443,wanted
3444,khaas
3445,alava
3446,oho
3447,registan
3448,khil
3449,nepali
3450,bahadur
3451,kanta
3452,were
3453,actor
3454,taref
3455,ishiliye
3456,feels
3457,ewww
3458,when
3459,enemy
3460,loves
3461,feel
3462,ewwww
3463,respect
3464,badle
3465,swamy
3466,kapt
3467,pravachanmujhe
3468,opinion
3469,strategist
3470,fascinating
3471,chah
3472,better
3473,everyday
3474,farewell
3475,hahahaha
3476,ohoho
3477,bachchho
3478,bakaasur
3479,itthe
3480,aaja
3481,bakasur
3482,akhabar
3483,padhna
3484,potty
3485,worse
3486,than
3487,bangla
3488,select
3489,bataao
3490,melodrama
3491,mehmaan
3492,pedestrian
3493,intelligence
3494,radha
3495,chalati
3496,gang
3497,kyaa
3498,dud
3499,utarne
3500,them
3501,balcony
3502,kehane
3503,aan
3504,belated
3505,cultured
3506,dekhke
3507,manega
3508,burayi
3509,perfectly
3510,avarage
3511,gisaat
3512,haskar
3513,keheti
3514,othewise
3515,im…
3516,chudi
3517,skirts
3518,tops
3519,salwar
3520,kamiz
3521,lijie
3522,kr
3523,zindahi
3524,insab
3525,bartan
3526,mochne
3527,kapra
3528,tissu
3529,misses
3530,dayal
3531,napkin
3532,bhulkerr
3533,geyi
3534,ap
3535,lijieaur
3536,samjking
3537,rupiya
3538,dijie
3539,ga
3540,oo
3541,bench
3542,kachchhi
3543,laau
3544,womens
3545,week
3546,magazine
3547,vamp
3548,sabdo
3549,shabdon
3550,likhega
3551,safai
3552,secondly
3553,pasta
3554,lasagne
3555,caramel
3556,custard
3557,pichli
3558,idli
3559,weight
3560,jese
3561,confidently
3562,kutar
3563,chuhonne
3564,padani
3565,chuhon
3566,puchana
3567,rest
3568,hase
3569,haila
3570,diwali
3571,keede
3572,makode
3573,mukhiya
3574,khilana
3575,chabama
3576,pan
3577,surprising
3578,thing
3579,medicine
3580,noise
3581,hasate
3582,cgrade
3583,elder
3584,330
3585,rail
3586,gaadi
3587,sunni
3588,alka
3589,yagnik
3590,udit
3591,narayan
3592,chalegi
3593,harkaton
3594,vakai
3595,sharminda
3596,dobaara
3597,rehte
3598,halanki
3599,usame
3600,gaay
3601,bhais
3602,tumase
3603,behatar
3604,kisane
3605,isako
3606,pour
3607,yaa
3608,rok
3609,gande
3610,aachchha
3611,dho
3612,collective
3613,bachelorhood
3614,maanga
3615,naukar
3616,sudhaarne
3617,square
3618,waisa
3619,rakhane
3620,juda
3621,almost
3622,sensitive
3623,dharam
3624,sookh
3625,lake
3626,pativrata
3627,rocks
3628,peena
3629,gam
3630,mujha
3631,humdardi
3632,jataae
3633,uthaa
3634,dekhegi
3635,ladkiya
3636,tota
3637,pite
3638,acidity
3639,dhang
3640,vegetables
3641,saabun
3642,dhoye
3643,subeh
3644,akaar
3645,haa
3646,ayegi
3647,baby
3648,marr
3649,hatana
3650,fass
3651,details
3652,chasme
3653,chasma
3654,dekhni
3655,behenoi
3656,saale
3657,sanki
3658,plane
3659,tickets
3660,girna
3661,radhaabai
3662,feka
3663,fekane
3664,ekhad
3665,2004
3666,1130
3667,uthaaegi
3668,marod
3669,promo
3670,show
3671,punjab
3672,lamba
3673,experience
3674,sujh
3675,didi
3676,bhavishyvaani
3677,bhasi
3678,bhaso
3679,chath
3680,jiye
3681,mare
3682,22
3683,arthiyaan
3684,khareedenge
3685,arthi
3686,dr
3687,rajsekhar
3688,visit
3689,lete
3690,fixed
3691,sharman
3692,kapadiya
3693,bedroom
3694,khoyi
3695,dhoondh
3696,dekhu
3697,hey
3698,children
3699,agale
3700,monday
3701,55th
3702,organize
3703,kare
3704,waah
3705,wada
3706,pav
3707,bhaji
3708,cola
3709,paapad
3710,rakhenge
3711,saasu
3712,sasur
3713,why
3714,rocky
3715,kumar
3716,shift
3717,tolerable
3718,super
3719,1230
3720,important
3721,maanti
3722,pichale
3723,death
3724,jaau
3725,manjoor
3726,maanunga
3727,strike
3728,deal
3729,24
3730,dekhati
3731,poori
3732,dekhana
3733,stars
3734,aansu
3735,giraana
3736,sleevless
3737,bindhi
3738,khaati
3739,mausa
3740,billi
3741,top
3742,mareli
3743,sadeli
3744,geeli
3745,lakadi
3746,aata
3747,beemari
3748,taiyari
3749,chudail
3750,pahuchengi
3751,flower
3752,bouquet
3753,jayega
3754,wonderful
3755,wait
3756,bika
3757,scheme
3758,nikala
3759,kalkatta
3760,haaton
3761,thanda
3762,jalan
3763,infact
3764,thepale
3765,percent
3766,kharche
3767,swayamvadhu
3768,dhindhora
3769,peeta
3770,rickshaw
3771,book
3772,karwate
3773,tagdi
3774,ladke
3775,loudspeaker
3776,thama
3777,chillata
3778,‘lelo
3779,roop
3780,reena
3781,teena
3782,ramola
3783,banalo
3784,30
3785,dhula’
3786,nilami
3787,mandi
3788,shadi
3789,tried
3790,doing
3791,cds
3792,chun
3793,maaro
3794,mit
3795,gum
3796,bheege
3797,honth
3798,pyaa
3799,paalan
3800,haare
3801,nir
3802,350
3803,sune
3804,350th
3805,iraade
3806,pahucha
3807,kaagajaat
3808,bhijwa
3809,thodisi
3810,ubaal
3811,isko
3812,dilute
3813,chutti
3814,banake
3815,khilaaungi
3816,moochkoki
3817,baitha
3818,saccha
3819,chabana
